,center,left,right,steering,throttle,reverse,speed
0,center_2019_07_11_02_18_33_370.jpg,left_2019_07_11_02_18_33_370.jpg,right_2019_07_11_02_18_33_370.jpg,0.0,0.0,0.0,2.303254e-05
1,center_2019_07_11_02_18_33_485.jpg,left_2019_07_11_02_18_33_485.jpg,right_2019_07_11_02_18_33_485.jpg,0.0,0.0,0.0,3.686061e-06
2,center_2019_07_11_02_18_33_602.jpg,left_2019_07_11_02_18_33_602.jpg,right_2019_07_11_02_18_33_602.jpg,0.0,0.0,0.0,1.55411e-05
3,center_2019_07_11_02_18_33_721.jpg,left_2019_07_11_02_18_33_721.jpg,right_2019_07_11_02_18_33_721.jpg,0.0,0.0,0.0,1.702928e-05
4,center_2019_07_11_02_18_33_878.jpg,left_2019_07_11_02_18_33_878.jpg,right_2019_07_11_02_18_33_878.jpg,-0.35,0.4680084,0.0,0.5809668
5,center_2019_07_11_02_18_33_989.jpg,left_2019_07_11_02_18_33_989.jpg,right_2019_07_11_02_18_33_989.jpg,-0.6000001,0.7550473000000001,0.0,1.371923
6,center_2019_07_11_02_18_34_107.jpg,left_2019_07_11_02_18_34_107.jpg,right_2019_07_11_02_18_34_107.jpg,-0.9000002,1.0,0.0,2.6502939999999997
7,center_2019_07_11_02_18_34_207.jpg,left_2019_07_11_02_18_34_207.jpg,right_2019_07_11_02_18_34_207.jpg,-1.0,1.0,0.0,3.9921889999999998
8,center_2019_07_11_02_18_34_316.jpg,left_2019_07_11_02_18_34_316.jpg,right_2019_07_11_02_18_34_316.jpg,0.0,1.0,0.0,5.049351000000001
9,center_2019_07_11_02_18_34_436.jpg,left_2019_07_11_02_18_34_436.jpg,right_2019_07_11_02_18_34_436.jpg,0.0,1.0,0.0,6.43369
10,center_2019_07_11_02_18_34_534.jpg,left_2019_07_11_02_18_34_534.jpg,right_2019_07_11_02_18_34_534.jpg,0.0,1.0,0.0,7.575839
11,center_2019_07_11_02_18_34_651.jpg,left_2019_07_11_02_18_34_651.jpg,right_2019_07_11_02_18_34_651.jpg,0.0,1.0,0.0,8.931809
12,center_2019_07_11_02_18_34_769.jpg,left_2019_07_11_02_18_34_769.jpg,right_2019_07_11_02_18_34_769.jpg,0.0,1.0,0.0,10.271889999999999
13,center_2019_07_11_02_18_34_888.jpg,left_2019_07_11_02_18_34_888.jpg,right_2019_07_11_02_18_34_888.jpg,-0.15,1.0,0.0,11.68798
14,center_2019_07_11_02_18_35_015.jpg,left_2019_07_11_02_18_35_015.jpg,right_2019_07_11_02_18_35_015.jpg,-0.45,1.0,0.0,12.95774
15,center_2019_07_11_02_18_35_133.jpg,left_2019_07_11_02_18_35_133.jpg,right_2019_07_11_02_18_35_133.jpg,-0.7500001999999999,1.0,0.0,14.036179999999998
16,center_2019_07_11_02_18_35_252.jpg,left_2019_07_11_02_18_35_252.jpg,right_2019_07_11_02_18_35_252.jpg,0.0,1.0,0.0,15.068810000000001
17,center_2019_07_11_02_18_35_364.jpg,left_2019_07_11_02_18_35_364.jpg,right_2019_07_11_02_18_35_364.jpg,0.0,1.0,0.0,16.25496
18,center_2019_07_11_02_18_35_484.jpg,left_2019_07_11_02_18_35_484.jpg,right_2019_07_11_02_18_35_484.jpg,0.0,1.0,0.0,17.49879
19,center_2019_07_11_02_18_35_615.jpg,left_2019_07_11_02_18_35_615.jpg,right_2019_07_11_02_18_35_615.jpg,0.0,1.0,0.0,18.73392
20,center_2019_07_11_02_18_35_717.jpg,left_2019_07_11_02_18_35_717.jpg,right_2019_07_11_02_18_35_717.jpg,0.0,1.0,0.0,19.75156
21,center_2019_07_11_02_18_35_835.jpg,left_2019_07_11_02_18_35_835.jpg,right_2019_07_11_02_18_35_835.jpg,0.0,1.0,0.0,20.96556
22,center_2019_07_11_02_18_35_955.jpg,left_2019_07_11_02_18_35_955.jpg,right_2019_07_11_02_18_35_955.jpg,-0.15,1.0,0.0,22.15444
23,center_2019_07_11_02_18_36_071.jpg,left_2019_07_11_02_18_36_071.jpg,right_2019_07_11_02_18_36_071.jpg,-0.45,1.0,0.0,23.219179999999998
24,center_2019_07_11_02_18_36_189.jpg,left_2019_07_11_02_18_36_189.jpg,right_2019_07_11_02_18_36_189.jpg,-0.7500001999999999,1.0,0.0,24.10616
25,center_2019_07_11_02_18_36_304.jpg,left_2019_07_11_02_18_36_304.jpg,right_2019_07_11_02_18_36_304.jpg,0.0,1.0,0.0,24.97683
26,center_2019_07_11_02_18_36_420.jpg,left_2019_07_11_02_18_36_420.jpg,right_2019_07_11_02_18_36_420.jpg,0.0,1.0,0.0,26.0656
27,center_2019_07_11_02_18_36_536.jpg,left_2019_07_11_02_18_36_536.jpg,right_2019_07_11_02_18_36_536.jpg,0.0,1.0,0.0,27.00732
28,center_2019_07_11_02_18_36_650.jpg,left_2019_07_11_02_18_36_650.jpg,right_2019_07_11_02_18_36_650.jpg,0.0,1.0,0.0,28.129640000000002
29,center_2019_07_11_02_18_36_764.jpg,left_2019_07_11_02_18_36_764.jpg,right_2019_07_11_02_18_36_764.jpg,-0.3,1.0,0.0,29.190409999999996
30,center_2019_07_11_02_18_36_880.jpg,left_2019_07_11_02_18_36_880.jpg,right_2019_07_11_02_18_36_880.jpg,0.0,1.0,0.0,30.187590000000004
31,center_2019_07_11_02_18_37_001.jpg,left_2019_07_11_02_18_37_001.jpg,right_2019_07_11_02_18_37_001.jpg,0.0,1.0,0.0,30.190540000000002
32,center_2019_07_11_02_18_37_113.jpg,left_2019_07_11_02_18_37_113.jpg,right_2019_07_11_02_18_37_113.jpg,0.0,1.0,0.0,30.19029
33,center_2019_07_11_02_18_37_226.jpg,left_2019_07_11_02_18_37_226.jpg,right_2019_07_11_02_18_37_226.jpg,0.0,1.0,0.0,30.19032
34,center_2019_07_11_02_18_37_340.jpg,left_2019_07_11_02_18_37_340.jpg,right_2019_07_11_02_18_37_340.jpg,0.0,1.0,0.0,30.190279999999998
35,center_2019_07_11_02_18_37_453.jpg,left_2019_07_11_02_18_37_453.jpg,right_2019_07_11_02_18_37_453.jpg,-0.15,1.0,0.0,30.184279999999998
36,center_2019_07_11_02_18_37_570.jpg,left_2019_07_11_02_18_37_570.jpg,right_2019_07_11_02_18_37_570.jpg,-0.45,1.0,0.0,30.15148
37,center_2019_07_11_02_18_37_675.jpg,left_2019_07_11_02_18_37_675.jpg,right_2019_07_11_02_18_37_675.jpg,0.0,1.0,0.0,30.18409
38,center_2019_07_11_02_18_37_743.jpg,left_2019_07_11_02_18_37_743.jpg,right_2019_07_11_02_18_37_743.jpg,0.0,1.0,0.0,30.1891
39,center_2019_07_11_02_18_37_846.jpg,left_2019_07_11_02_18_37_846.jpg,right_2019_07_11_02_18_37_846.jpg,0.0,1.0,0.0,30.190170000000002
40,center_2019_07_11_02_18_37_962.jpg,left_2019_07_11_02_18_37_962.jpg,right_2019_07_11_02_18_37_962.jpg,0.0,1.0,0.0,30.190279999999998
41,center_2019_07_11_02_18_38_077.jpg,left_2019_07_11_02_18_38_077.jpg,right_2019_07_11_02_18_38_077.jpg,0.0,1.0,0.0,30.1903
42,center_2019_07_11_02_18_38_199.jpg,left_2019_07_11_02_18_38_199.jpg,right_2019_07_11_02_18_38_199.jpg,0.0,1.0,0.0,30.190279999999998
43,center_2019_07_11_02_18_38_308.jpg,left_2019_07_11_02_18_38_308.jpg,right_2019_07_11_02_18_38_308.jpg,0.0,1.0,0.0,30.19027
44,center_2019_07_11_02_18_38_425.jpg,left_2019_07_11_02_18_38_425.jpg,right_2019_07_11_02_18_38_425.jpg,-0.3,1.0,0.0,30.16923
45,center_2019_07_11_02_18_38_536.jpg,left_2019_07_11_02_18_38_536.jpg,right_2019_07_11_02_18_38_536.jpg,-0.5500001,1.0,0.0,30.13922
46,center_2019_07_11_02_18_38_650.jpg,left_2019_07_11_02_18_38_650.jpg,right_2019_07_11_02_18_38_650.jpg,0.0,1.0,0.0,30.17932
47,center_2019_07_11_02_18_38_768.jpg,left_2019_07_11_02_18_38_768.jpg,right_2019_07_11_02_18_38_768.jpg,0.0,1.0,0.0,30.189390000000003
48,center_2019_07_11_02_18_38_879.jpg,left_2019_07_11_02_18_38_879.jpg,right_2019_07_11_02_18_38_879.jpg,0.0,1.0,0.0,30.19026
49,center_2019_07_11_02_18_39_003.jpg,left_2019_07_11_02_18_39_003.jpg,right_2019_07_11_02_18_39_003.jpg,0.0,1.0,0.0,30.190279999999998
50,center_2019_07_11_02_18_39_121.jpg,left_2019_07_11_02_18_39_121.jpg,right_2019_07_11_02_18_39_121.jpg,0.0,1.0,0.0,30.19036
51,center_2019_07_11_02_18_39_266.jpg,left_2019_07_11_02_18_39_266.jpg,right_2019_07_11_02_18_39_266.jpg,0.0,1.0,0.0,30.190309999999997
52,center_2019_07_11_02_18_39_387.jpg,left_2019_07_11_02_18_39_387.jpg,right_2019_07_11_02_18_39_387.jpg,-0.2,1.0,0.0,30.179779999999997
53,center_2019_07_11_02_18_39_494.jpg,left_2019_07_11_02_18_39_494.jpg,right_2019_07_11_02_18_39_494.jpg,-0.45,1.0,0.0,30.151390000000003
54,center_2019_07_11_02_18_39_617.jpg,left_2019_07_11_02_18_39_617.jpg,right_2019_07_11_02_18_39_617.jpg,-0.7500001999999999,1.0,0.0,30.11465
55,center_2019_07_11_02_18_39_711.jpg,left_2019_07_11_02_18_39_711.jpg,right_2019_07_11_02_18_39_711.jpg,0.0,1.0,0.0,30.18362
56,center_2019_07_11_02_18_39_862.jpg,left_2019_07_11_02_18_39_862.jpg,right_2019_07_11_02_18_39_862.jpg,0.0,1.0,0.0,30.190140000000003
57,center_2019_07_11_02_18_39_977.jpg,left_2019_07_11_02_18_39_977.jpg,right_2019_07_11_02_18_39_977.jpg,0.0,1.0,0.0,30.188990000000004
58,center_2019_07_11_02_18_40_102.jpg,left_2019_07_11_02_18_40_102.jpg,right_2019_07_11_02_18_40_102.jpg,0.0,1.0,0.0,30.1902
59,center_2019_07_11_02_18_40_235.jpg,left_2019_07_11_02_18_40_235.jpg,right_2019_07_11_02_18_40_235.jpg,0.0,1.0,0.0,30.190440000000002
60,center_2019_07_11_02_18_40_346.jpg,left_2019_07_11_02_18_40_346.jpg,right_2019_07_11_02_18_40_346.jpg,0.0,1.0,0.0,30.19009
61,center_2019_07_11_02_18_40_414.jpg,left_2019_07_11_02_18_40_414.jpg,right_2019_07_11_02_18_40_414.jpg,0.0,1.0,0.0,30.19009
62,center_2019_07_11_02_18_40_548.jpg,left_2019_07_11_02_18_40_548.jpg,right_2019_07_11_02_18_40_548.jpg,0.0,1.0,0.0,30.19
63,center_2019_07_11_02_18_40_640.jpg,left_2019_07_11_02_18_40_640.jpg,right_2019_07_11_02_18_40_640.jpg,0.0,1.0,0.0,30.19002
64,center_2019_07_11_02_18_40_759.jpg,left_2019_07_11_02_18_40_759.jpg,right_2019_07_11_02_18_40_759.jpg,0.0,1.0,0.0,30.19003
65,center_2019_07_11_02_18_40_886.jpg,left_2019_07_11_02_18_40_886.jpg,right_2019_07_11_02_18_40_886.jpg,0.0,1.0,0.0,30.18869
66,center_2019_07_11_02_18_41_013.jpg,left_2019_07_11_02_18_41_013.jpg,right_2019_07_11_02_18_41_013.jpg,0.0,1.0,0.0,30.19042
67,center_2019_07_11_02_18_41_132.jpg,left_2019_07_11_02_18_41_132.jpg,right_2019_07_11_02_18_41_132.jpg,0.0,1.0,0.0,30.191570000000002
68,center_2019_07_11_02_18_41_201.jpg,left_2019_07_11_02_18_41_201.jpg,right_2019_07_11_02_18_41_201.jpg,0.0,1.0,0.0,30.19065
69,center_2019_07_11_02_18_41_323.jpg,left_2019_07_11_02_18_41_323.jpg,right_2019_07_11_02_18_41_323.jpg,-0.3,1.0,0.0,30.16893
70,center_2019_07_11_02_18_41_445.jpg,left_2019_07_11_02_18_41_445.jpg,right_2019_07_11_02_18_41_445.jpg,0.0,1.0,0.0,30.19015
71,center_2019_07_11_02_18_41_565.jpg,left_2019_07_11_02_18_41_565.jpg,right_2019_07_11_02_18_41_565.jpg,0.0,1.0,0.0,30.19033
72,center_2019_07_11_02_18_41_633.jpg,left_2019_07_11_02_18_41_633.jpg,right_2019_07_11_02_18_41_633.jpg,0.0,1.0,0.0,30.190340000000003
73,center_2019_07_11_02_18_41_753.jpg,left_2019_07_11_02_18_41_753.jpg,right_2019_07_11_02_18_41_753.jpg,0.0,1.0,0.0,30.19036
74,center_2019_07_11_02_18_41_870.jpg,left_2019_07_11_02_18_41_870.jpg,right_2019_07_11_02_18_41_870.jpg,0.0,1.0,0.0,30.190720000000002
75,center_2019_07_11_02_18_41_995.jpg,left_2019_07_11_02_18_41_995.jpg,right_2019_07_11_02_18_41_995.jpg,-0.15,1.0,0.0,30.18433
76,center_2019_07_11_02_18_42_112.jpg,left_2019_07_11_02_18_42_112.jpg,right_2019_07_11_02_18_42_112.jpg,-0.45,1.0,0.0,30.15093
77,center_2019_07_11_02_18_42_229.jpg,left_2019_07_11_02_18_42_229.jpg,right_2019_07_11_02_18_42_229.jpg,-0.7500001999999999,1.0,0.0,30.1148
78,center_2019_07_11_02_18_42_354.jpg,left_2019_07_11_02_18_42_354.jpg,right_2019_07_11_02_18_42_354.jpg,0.0,1.0,0.0,30.1737
79,center_2019_07_11_02_18_42_423.jpg,left_2019_07_11_02_18_42_423.jpg,right_2019_07_11_02_18_42_423.jpg,0.0,1.0,0.0,30.184959999999997
80,center_2019_07_11_02_18_42_545.jpg,left_2019_07_11_02_18_42_545.jpg,right_2019_07_11_02_18_42_545.jpg,0.0,1.0,0.0,30.18931
81,center_2019_07_11_02_18_42_667.jpg,left_2019_07_11_02_18_42_667.jpg,right_2019_07_11_02_18_42_667.jpg,0.0,1.0,0.0,30.18951
82,center_2019_07_11_02_18_42_746.jpg,left_2019_07_11_02_18_42_746.jpg,right_2019_07_11_02_18_42_746.jpg,0.0,1.0,0.0,30.18951
83,center_2019_07_11_02_18_42_852.jpg,left_2019_07_11_02_18_42_852.jpg,right_2019_07_11_02_18_42_852.jpg,0.0,1.0,0.0,30.185270000000003
84,center_2019_07_11_02_18_42_977.jpg,left_2019_07_11_02_18_42_977.jpg,right_2019_07_11_02_18_42_977.jpg,0.15,1.0,0.0,30.18405
85,center_2019_07_11_02_18_43_048.jpg,left_2019_07_11_02_18_43_048.jpg,right_2019_07_11_02_18_43_048.jpg,0.35,1.0,0.0,30.1609
86,center_2019_07_11_02_18_43_174.jpg,left_2019_07_11_02_18_43_174.jpg,right_2019_07_11_02_18_43_174.jpg,0.6500001,1.0,0.0,30.129140000000003
87,center_2019_07_11_02_18_43_271.jpg,left_2019_07_11_02_18_43_271.jpg,right_2019_07_11_02_18_43_271.jpg,0.0,1.0,0.0,30.18634
88,center_2019_07_11_02_18_43_341.jpg,left_2019_07_11_02_18_43_341.jpg,right_2019_07_11_02_18_43_341.jpg,0.0,1.0,0.0,30.1897
89,center_2019_07_11_02_18_43_464.jpg,left_2019_07_11_02_18_43_464.jpg,right_2019_07_11_02_18_43_464.jpg,0.0,1.0,0.0,30.192490000000003
90,center_2019_07_11_02_18_43_573.jpg,left_2019_07_11_02_18_43_573.jpg,right_2019_07_11_02_18_43_573.jpg,-0.15,1.0,0.0,30.18314
91,center_2019_07_11_02_18_43_666.jpg,left_2019_07_11_02_18_43_666.jpg,right_2019_07_11_02_18_43_666.jpg,-0.4,1.0,0.0,30.156390000000002
92,center_2019_07_11_02_18_43_757.jpg,left_2019_07_11_02_18_43_757.jpg,right_2019_07_11_02_18_43_757.jpg,-0.6000001,1.0,0.0,30.132009999999998
93,center_2019_07_11_02_18_43_834.jpg,left_2019_07_11_02_18_43_834.jpg,right_2019_07_11_02_18_43_834.jpg,0.0,1.0,0.0,30.18433
94,center_2019_07_11_02_18_43_942.jpg,left_2019_07_11_02_18_43_942.jpg,right_2019_07_11_02_18_43_942.jpg,0.0,1.0,0.0,30.190109999999997
95,center_2019_07_11_02_18_44_032.jpg,left_2019_07_11_02_18_44_032.jpg,right_2019_07_11_02_18_44_032.jpg,0.0,1.0,0.0,30.18917
96,center_2019_07_11_02_18_44_146.jpg,left_2019_07_11_02_18_44_146.jpg,right_2019_07_11_02_18_44_146.jpg,0.0,1.0,0.0,30.190720000000002
97,center_2019_07_11_02_18_44_255.jpg,left_2019_07_11_02_18_44_255.jpg,right_2019_07_11_02_18_44_255.jpg,0.0,1.0,0.0,30.190559999999998
98,center_2019_07_11_02_18_44_369.jpg,left_2019_07_11_02_18_44_369.jpg,right_2019_07_11_02_18_44_369.jpg,0.0,1.0,0.0,30.190540000000002
99,center_2019_07_11_02_18_44_489.jpg,left_2019_07_11_02_18_44_489.jpg,right_2019_07_11_02_18_44_489.jpg,0.0,1.0,0.0,30.19055
100,center_2019_07_11_02_18_44_615.jpg,left_2019_07_11_02_18_44_615.jpg,right_2019_07_11_02_18_44_615.jpg,0.0,1.0,0.0,30.19055
101,center_2019_07_11_02_18_44_733.jpg,left_2019_07_11_02_18_44_733.jpg,right_2019_07_11_02_18_44_733.jpg,0.0,1.0,0.0,30.190540000000002
102,center_2019_07_11_02_18_44_805.jpg,left_2019_07_11_02_18_44_805.jpg,right_2019_07_11_02_18_44_805.jpg,-0.2,1.0,0.0,30.17969
103,center_2019_07_11_02_18_44_929.jpg,left_2019_07_11_02_18_44_929.jpg,right_2019_07_11_02_18_44_929.jpg,-0.5000001000000001,1.0,0.0,30.145359999999997
104,center_2019_07_11_02_18_45_054.jpg,left_2019_07_11_02_18_45_054.jpg,right_2019_07_11_02_18_45_054.jpg,0.0,1.0,0.0,30.18125
105,center_2019_07_11_02_18_45_178.jpg,left_2019_07_11_02_18_45_178.jpg,right_2019_07_11_02_18_45_178.jpg,0.0,1.0,0.0,30.18999
106,center_2019_07_11_02_18_45_300.jpg,left_2019_07_11_02_18_45_300.jpg,right_2019_07_11_02_18_45_300.jpg,0.0,1.0,0.0,30.190240000000003
107,center_2019_07_11_02_18_45_421.jpg,left_2019_07_11_02_18_45_421.jpg,right_2019_07_11_02_18_45_421.jpg,0.0,1.0,0.0,30.190209999999997
108,center_2019_07_11_02_18_45_549.jpg,left_2019_07_11_02_18_45_549.jpg,right_2019_07_11_02_18_45_549.jpg,0.0,1.0,0.0,30.190209999999997
109,center_2019_07_11_02_18_45_675.jpg,left_2019_07_11_02_18_45_675.jpg,right_2019_07_11_02_18_45_675.jpg,0.0,1.0,0.0,30.19019
110,center_2019_07_11_02_18_45_801.jpg,left_2019_07_11_02_18_45_801.jpg,right_2019_07_11_02_18_45_801.jpg,0.0,1.0,0.0,30.190179999999998
111,center_2019_07_11_02_18_45_930.jpg,left_2019_07_11_02_18_45_930.jpg,right_2019_07_11_02_18_45_930.jpg,0.0,1.0,0.0,30.1902
112,center_2019_07_11_02_18_46_055.jpg,left_2019_07_11_02_18_46_055.jpg,right_2019_07_11_02_18_46_055.jpg,0.0,1.0,0.0,30.190559999999998
113,center_2019_07_11_02_18_46_178.jpg,left_2019_07_11_02_18_46_178.jpg,right_2019_07_11_02_18_46_178.jpg,0.0,1.0,0.0,30.190109999999997
114,center_2019_07_11_02_18_46_304.jpg,left_2019_07_11_02_18_46_304.jpg,right_2019_07_11_02_18_46_304.jpg,0.0,1.0,0.0,30.19094
115,center_2019_07_11_02_18_46_426.jpg,left_2019_07_11_02_18_46_426.jpg,right_2019_07_11_02_18_46_426.jpg,0.0,1.0,0.0,30.19033
116,center_2019_07_11_02_18_46_551.jpg,left_2019_07_11_02_18_46_551.jpg,right_2019_07_11_02_18_46_551.jpg,0.0,1.0,0.0,30.19019
117,center_2019_07_11_02_18_46_678.jpg,left_2019_07_11_02_18_46_678.jpg,right_2019_07_11_02_18_46_678.jpg,-0.15,1.0,0.0,30.184070000000002
118,center_2019_07_11_02_18_46_802.jpg,left_2019_07_11_02_18_46_802.jpg,right_2019_07_11_02_18_46_802.jpg,-0.5000001000000001,1.0,0.0,30.14532
119,center_2019_07_11_02_18_46_925.jpg,left_2019_07_11_02_18_46_925.jpg,right_2019_07_11_02_18_46_925.jpg,0.0,1.0,0.0,30.18897
120,center_2019_07_11_02_18_47_048.jpg,left_2019_07_11_02_18_47_048.jpg,right_2019_07_11_02_18_47_048.jpg,0.0,1.0,0.0,30.1902
121,center_2019_07_11_02_18_47_167.jpg,left_2019_07_11_02_18_47_167.jpg,right_2019_07_11_02_18_47_167.jpg,0.0,1.0,0.0,30.19026
122,center_2019_07_11_02_18_47_288.jpg,left_2019_07_11_02_18_47_288.jpg,right_2019_07_11_02_18_47_288.jpg,0.0,1.0,0.0,30.190309999999997
123,center_2019_07_11_02_18_47_410.jpg,left_2019_07_11_02_18_47_410.jpg,right_2019_07_11_02_18_47_410.jpg,0.0,1.0,0.0,30.190309999999997
124,center_2019_07_11_02_18_47_530.jpg,left_2019_07_11_02_18_47_530.jpg,right_2019_07_11_02_18_47_530.jpg,0.0,1.0,0.0,30.19029
125,center_2019_07_11_02_18_47_648.jpg,left_2019_07_11_02_18_47_648.jpg,right_2019_07_11_02_18_47_648.jpg,0.0,1.0,0.0,30.190279999999998
126,center_2019_07_11_02_18_47_762.jpg,left_2019_07_11_02_18_47_762.jpg,right_2019_07_11_02_18_47_762.jpg,0.0,1.0,0.0,30.19029
127,center_2019_07_11_02_18_47_881.jpg,left_2019_07_11_02_18_47_881.jpg,right_2019_07_11_02_18_47_881.jpg,0.0,1.0,0.0,30.190309999999997
128,center_2019_07_11_02_18_47_951.jpg,left_2019_07_11_02_18_47_951.jpg,right_2019_07_11_02_18_47_951.jpg,0.0,1.0,0.0,30.190309999999997
129,center_2019_07_11_02_18_48_018.jpg,left_2019_07_11_02_18_48_018.jpg,right_2019_07_11_02_18_48_018.jpg,0.0,1.0,0.0,30.1903
130,center_2019_07_11_02_18_48_090.jpg,left_2019_07_11_02_18_48_090.jpg,right_2019_07_11_02_18_48_090.jpg,0.0,1.0,0.0,30.190309999999997
131,center_2019_07_11_02_18_48_191.jpg,left_2019_07_11_02_18_48_191.jpg,right_2019_07_11_02_18_48_191.jpg,0.0,1.0,0.0,30.19029
132,center_2019_07_11_02_18_48_263.jpg,left_2019_07_11_02_18_48_263.jpg,right_2019_07_11_02_18_48_263.jpg,-0.2,1.0,0.0,30.17985
133,center_2019_07_11_02_18_48_368.jpg,left_2019_07_11_02_18_48_368.jpg,right_2019_07_11_02_18_48_368.jpg,-0.45,1.0,0.0,30.15151
134,center_2019_07_11_02_18_48_487.jpg,left_2019_07_11_02_18_48_487.jpg,right_2019_07_11_02_18_48_487.jpg,0.0,1.0,0.0,30.18931
135,center_2019_07_11_02_18_48_608.jpg,left_2019_07_11_02_18_48_608.jpg,right_2019_07_11_02_18_48_608.jpg,0.0,1.0,0.0,30.19022
136,center_2019_07_11_02_18_48_725.jpg,left_2019_07_11_02_18_48_725.jpg,right_2019_07_11_02_18_48_725.jpg,0.0,1.0,0.0,30.19029
137,center_2019_07_11_02_18_48_850.jpg,left_2019_07_11_02_18_48_850.jpg,right_2019_07_11_02_18_48_850.jpg,0.0,1.0,0.0,30.1903
138,center_2019_07_11_02_18_48_969.jpg,left_2019_07_11_02_18_48_969.jpg,right_2019_07_11_02_18_48_969.jpg,0.0,1.0,0.0,30.1903
139,center_2019_07_11_02_18_49_083.jpg,left_2019_07_11_02_18_49_083.jpg,right_2019_07_11_02_18_49_083.jpg,0.0,1.0,0.0,30.190309999999997
140,center_2019_07_11_02_18_49_200.jpg,left_2019_07_11_02_18_49_200.jpg,right_2019_07_11_02_18_49_200.jpg,0.0,1.0,0.0,30.1903
141,center_2019_07_11_02_18_49_319.jpg,left_2019_07_11_02_18_49_319.jpg,right_2019_07_11_02_18_49_319.jpg,0.0,1.0,0.0,30.190279999999998
142,center_2019_07_11_02_18_49_441.jpg,left_2019_07_11_02_18_49_441.jpg,right_2019_07_11_02_18_49_441.jpg,0.0,1.0,0.0,30.1903
143,center_2019_07_11_02_18_49_561.jpg,left_2019_07_11_02_18_49_561.jpg,right_2019_07_11_02_18_49_561.jpg,0.0,1.0,0.0,30.19029
144,center_2019_07_11_02_18_49_680.jpg,left_2019_07_11_02_18_49_680.jpg,right_2019_07_11_02_18_49_680.jpg,0.0,1.0,0.0,30.190309999999997
145,center_2019_07_11_02_18_49_804.jpg,left_2019_07_11_02_18_49_804.jpg,right_2019_07_11_02_18_49_804.jpg,0.0,1.0,0.0,30.190309999999997
146,center_2019_07_11_02_18_49_930.jpg,left_2019_07_11_02_18_49_930.jpg,right_2019_07_11_02_18_49_930.jpg,0.0,1.0,0.0,30.190309999999997
147,center_2019_07_11_02_18_50_057.jpg,left_2019_07_11_02_18_50_057.jpg,right_2019_07_11_02_18_50_057.jpg,-0.15,1.0,0.0,30.184240000000003
148,center_2019_07_11_02_18_50_174.jpg,left_2019_07_11_02_18_50_174.jpg,right_2019_07_11_02_18_50_174.jpg,0.0,1.0,0.0,30.1888
149,center_2019_07_11_02_18_50_299.jpg,left_2019_07_11_02_18_50_299.jpg,right_2019_07_11_02_18_50_299.jpg,0.0,1.0,0.0,30.19022
150,center_2019_07_11_02_18_50_422.jpg,left_2019_07_11_02_18_50_422.jpg,right_2019_07_11_02_18_50_422.jpg,0.0,1.0,0.0,30.190279999999998
151,center_2019_07_11_02_18_50_546.jpg,left_2019_07_11_02_18_50_546.jpg,right_2019_07_11_02_18_50_546.jpg,0.0,1.0,0.0,30.19029
152,center_2019_07_11_02_18_50_673.jpg,left_2019_07_11_02_18_50_673.jpg,right_2019_07_11_02_18_50_673.jpg,0.0,1.0,0.0,30.1903
153,center_2019_07_11_02_18_50_797.jpg,left_2019_07_11_02_18_50_797.jpg,right_2019_07_11_02_18_50_797.jpg,0.0,1.0,0.0,30.19029
154,center_2019_07_11_02_18_50_925.jpg,left_2019_07_11_02_18_50_925.jpg,right_2019_07_11_02_18_50_925.jpg,0.0,1.0,0.0,30.19032
155,center_2019_07_11_02_18_51_047.jpg,left_2019_07_11_02_18_51_047.jpg,right_2019_07_11_02_18_51_047.jpg,0.0,1.0,0.0,30.190309999999997
156,center_2019_07_11_02_18_51_121.jpg,left_2019_07_11_02_18_51_121.jpg,right_2019_07_11_02_18_51_121.jpg,0.0,1.0,0.0,30.19029
157,center_2019_07_11_02_18_51_247.jpg,left_2019_07_11_02_18_51_247.jpg,right_2019_07_11_02_18_51_247.jpg,0.0,1.0,0.0,30.19029
158,center_2019_07_11_02_18_51_329.jpg,left_2019_07_11_02_18_51_329.jpg,right_2019_07_11_02_18_51_329.jpg,-0.2,1.0,0.0,30.17983
159,center_2019_07_11_02_18_51_430.jpg,left_2019_07_11_02_18_51_430.jpg,right_2019_07_11_02_18_51_430.jpg,-0.45,1.0,0.0,30.15148
160,center_2019_07_11_02_18_51_509.jpg,left_2019_07_11_02_18_51_509.jpg,right_2019_07_11_02_18_51_509.jpg,0.0,1.0,0.0,30.188309999999998
161,center_2019_07_11_02_18_51_624.jpg,left_2019_07_11_02_18_51_624.jpg,right_2019_07_11_02_18_51_624.jpg,0.0,1.0,0.0,30.1901
162,center_2019_07_11_02_18_51_705.jpg,left_2019_07_11_02_18_51_705.jpg,right_2019_07_11_02_18_51_705.jpg,0.0,1.0,0.0,30.19025
163,center_2019_07_11_02_18_51_814.jpg,left_2019_07_11_02_18_51_814.jpg,right_2019_07_11_02_18_51_814.jpg,0.0,1.0,0.0,30.190309999999997
164,center_2019_07_11_02_18_51_898.jpg,left_2019_07_11_02_18_51_898.jpg,right_2019_07_11_02_18_51_898.jpg,0.0,1.0,0.0,30.1903
165,center_2019_07_11_02_18_52_010.jpg,left_2019_07_11_02_18_52_010.jpg,right_2019_07_11_02_18_52_010.jpg,0.0,1.0,0.0,30.1903
166,center_2019_07_11_02_18_52_136.jpg,left_2019_07_11_02_18_52_136.jpg,right_2019_07_11_02_18_52_136.jpg,0.0,1.0,0.0,30.190309999999997
167,center_2019_07_11_02_18_52_203.jpg,left_2019_07_11_02_18_52_203.jpg,right_2019_07_11_02_18_52_203.jpg,0.0,1.0,0.0,30.19029
168,center_2019_07_11_02_18_52_270.jpg,left_2019_07_11_02_18_52_270.jpg,right_2019_07_11_02_18_52_270.jpg,0.0,1.0,0.0,30.190309999999997
169,center_2019_07_11_02_18_52_344.jpg,left_2019_07_11_02_18_52_344.jpg,right_2019_07_11_02_18_52_344.jpg,0.0,1.0,0.0,30.19029
170,center_2019_07_11_02_18_52_474.jpg,left_2019_07_11_02_18_52_474.jpg,right_2019_07_11_02_18_52_474.jpg,0.0,1.0,0.0,30.1903
171,center_2019_07_11_02_18_52_605.jpg,left_2019_07_11_02_18_52_605.jpg,right_2019_07_11_02_18_52_605.jpg,0.0,1.0,0.0,30.1903
172,center_2019_07_11_02_18_52_742.jpg,left_2019_07_11_02_18_52_742.jpg,right_2019_07_11_02_18_52_742.jpg,-0.2,1.0,0.0,30.179840000000002
173,center_2019_07_11_02_18_52_865.jpg,left_2019_07_11_02_18_52_865.jpg,right_2019_07_11_02_18_52_865.jpg,0.0,1.0,0.0,30.18822
174,center_2019_07_11_02_18_52_935.jpg,left_2019_07_11_02_18_52_935.jpg,right_2019_07_11_02_18_52_935.jpg,0.0,1.0,0.0,30.189840000000004
175,center_2019_07_11_02_18_53_005.jpg,left_2019_07_11_02_18_53_005.jpg,right_2019_07_11_02_18_53_005.jpg,0.0,1.0,0.0,30.1902
176,center_2019_07_11_02_18_53_131.jpg,left_2019_07_11_02_18_53_131.jpg,right_2019_07_11_02_18_53_131.jpg,0.0,1.0,0.0,30.19029
177,center_2019_07_11_02_18_53_262.jpg,left_2019_07_11_02_18_53_262.jpg,right_2019_07_11_02_18_53_262.jpg,0.0,1.0,0.0,30.190309999999997
178,center_2019_07_11_02_18_53_398.jpg,left_2019_07_11_02_18_53_398.jpg,right_2019_07_11_02_18_53_398.jpg,0.0,1.0,0.0,30.190309999999997
179,center_2019_07_11_02_18_53_530.jpg,left_2019_07_11_02_18_53_530.jpg,right_2019_07_11_02_18_53_530.jpg,0.0,1.0,0.0,30.1903
180,center_2019_07_11_02_18_53_661.jpg,left_2019_07_11_02_18_53_661.jpg,right_2019_07_11_02_18_53_661.jpg,0.0,1.0,0.0,30.1903
181,center_2019_07_11_02_18_53_729.jpg,left_2019_07_11_02_18_53_729.jpg,right_2019_07_11_02_18_53_729.jpg,-0.15,1.0,0.0,30.18423
182,center_2019_07_11_02_18_53_859.jpg,left_2019_07_11_02_18_53_859.jpg,right_2019_07_11_02_18_53_859.jpg,0.0,1.0,0.0,30.189009999999996
183,center_2019_07_11_02_18_53_985.jpg,left_2019_07_11_02_18_53_985.jpg,right_2019_07_11_02_18_53_985.jpg,0.0,1.0,0.0,30.190040000000003
184,center_2019_07_11_02_18_54_057.jpg,left_2019_07_11_02_18_54_057.jpg,right_2019_07_11_02_18_54_057.jpg,0.0,1.0,0.0,30.19033
185,center_2019_07_11_02_18_54_189.jpg,left_2019_07_11_02_18_54_189.jpg,right_2019_07_11_02_18_54_189.jpg,0.0,1.0,0.0,30.190040000000003
186,center_2019_07_11_02_18_54_327.jpg,left_2019_07_11_02_18_54_327.jpg,right_2019_07_11_02_18_54_327.jpg,0.0,1.0,0.0,30.19009
187,center_2019_07_11_02_18_54_402.jpg,left_2019_07_11_02_18_54_402.jpg,right_2019_07_11_02_18_54_402.jpg,0.0,1.0,0.0,30.19009
188,center_2019_07_11_02_18_54_469.jpg,left_2019_07_11_02_18_54_469.jpg,right_2019_07_11_02_18_54_469.jpg,0.15,1.0,0.0,30.1843
189,center_2019_07_11_02_18_54_553.jpg,left_2019_07_11_02_18_54_553.jpg,right_2019_07_11_02_18_54_553.jpg,0.35,1.0,0.0,30.16385
190,center_2019_07_11_02_18_54_645.jpg,left_2019_07_11_02_18_54_645.jpg,right_2019_07_11_02_18_54_645.jpg,0.0,1.0,0.0,30.189359999999997
191,center_2019_07_11_02_18_54_736.jpg,left_2019_07_11_02_18_54_736.jpg,right_2019_07_11_02_18_54_736.jpg,0.0,1.0,0.0,30.19009
192,center_2019_07_11_02_18_54_803.jpg,left_2019_07_11_02_18_54_803.jpg,right_2019_07_11_02_18_54_803.jpg,0.0,1.0,0.0,30.19025
193,center_2019_07_11_02_18_54_879.jpg,left_2019_07_11_02_18_54_879.jpg,right_2019_07_11_02_18_54_879.jpg,0.0,1.0,0.0,30.190279999999998
194,center_2019_07_11_02_18_54_966.jpg,left_2019_07_11_02_18_54_966.jpg,right_2019_07_11_02_18_54_966.jpg,0.0,1.0,0.0,30.19057
195,center_2019_07_11_02_18_55_044.jpg,left_2019_07_11_02_18_55_044.jpg,right_2019_07_11_02_18_55_044.jpg,0.0,1.0,0.0,30.19047
196,center_2019_07_11_02_18_55_114.jpg,left_2019_07_11_02_18_55_114.jpg,right_2019_07_11_02_18_55_114.jpg,0.0,1.0,0.0,30.19043
197,center_2019_07_11_02_18_55_238.jpg,left_2019_07_11_02_18_55_238.jpg,right_2019_07_11_02_18_55_238.jpg,0.3,1.0,0.0,30.17016
198,center_2019_07_11_02_18_55_365.jpg,left_2019_07_11_02_18_55_365.jpg,right_2019_07_11_02_18_55_365.jpg,0.6500001,1.0,0.0,30.128709999999998
199,center_2019_07_11_02_18_55_492.jpg,left_2019_07_11_02_18_55_492.jpg,right_2019_07_11_02_18_55_492.jpg,0.9500002000000001,1.0,0.0,30.097720000000002
200,center_2019_07_11_02_18_55_618.jpg,left_2019_07_11_02_18_55_618.jpg,right_2019_07_11_02_18_55_618.jpg,0.0,1.0,0.0,30.18184
201,center_2019_07_11_02_18_55_761.jpg,left_2019_07_11_02_18_55_761.jpg,right_2019_07_11_02_18_55_761.jpg,0.0,1.0,0.0,30.1883
202,center_2019_07_11_02_18_55_853.jpg,left_2019_07_11_02_18_55_853.jpg,right_2019_07_11_02_18_55_853.jpg,-0.25,1.0,0.0,30.169940000000004
203,center_2019_07_11_02_18_55_998.jpg,left_2019_07_11_02_18_55_998.jpg,right_2019_07_11_02_18_55_998.jpg,-0.6000001,1.0,0.0,30.12915
204,center_2019_07_11_02_18_56_082.jpg,left_2019_07_11_02_18_56_082.jpg,right_2019_07_11_02_18_56_082.jpg,-0.8500001,1.0,0.0,30.09985
205,center_2019_07_11_02_18_56_156.jpg,left_2019_07_11_02_18_56_156.jpg,right_2019_07_11_02_18_56_156.jpg,-1.0,1.0,0.0,30.091179999999998
206,center_2019_07_11_02_18_56_232.jpg,left_2019_07_11_02_18_56_232.jpg,right_2019_07_11_02_18_56_232.jpg,-1.0,1.0,0.0,30.112940000000002
207,center_2019_07_11_02_18_56_323.jpg,left_2019_07_11_02_18_56_323.jpg,right_2019_07_11_02_18_56_323.jpg,0.0,1.0,0.0,30.17122
208,center_2019_07_11_02_18_56_452.jpg,left_2019_07_11_02_18_56_452.jpg,right_2019_07_11_02_18_56_452.jpg,0.0,1.0,0.0,30.187759999999997
209,center_2019_07_11_02_18_56_584.jpg,left_2019_07_11_02_18_56_584.jpg,right_2019_07_11_02_18_56_584.jpg,0.0,1.0,0.0,30.190720000000002
210,center_2019_07_11_02_18_56_716.jpg,left_2019_07_11_02_18_56_716.jpg,right_2019_07_11_02_18_56_716.jpg,0.0,1.0,0.0,30.19065
211,center_2019_07_11_02_18_56_783.jpg,left_2019_07_11_02_18_56_783.jpg,right_2019_07_11_02_18_56_783.jpg,0.0,1.0,0.0,30.190720000000002
212,center_2019_07_11_02_18_56_858.jpg,left_2019_07_11_02_18_56_858.jpg,right_2019_07_11_02_18_56_858.jpg,0.0,1.0,0.0,30.19073
213,center_2019_07_11_02_18_56_932.jpg,left_2019_07_11_02_18_56_932.jpg,right_2019_07_11_02_18_56_932.jpg,0.0,1.0,0.0,30.190759999999997
214,center_2019_07_11_02_18_57_054.jpg,left_2019_07_11_02_18_57_054.jpg,right_2019_07_11_02_18_57_054.jpg,0.0,1.0,0.0,30.19077
215,center_2019_07_11_02_18_57_148.jpg,left_2019_07_11_02_18_57_148.jpg,right_2019_07_11_02_18_57_148.jpg,-0.25,1.0,0.0,30.1755
216,center_2019_07_11_02_18_57_245.jpg,left_2019_07_11_02_18_57_245.jpg,right_2019_07_11_02_18_57_245.jpg,0.0,1.0,0.0,30.18879
217,center_2019_07_11_02_18_57_333.jpg,left_2019_07_11_02_18_57_333.jpg,right_2019_07_11_02_18_57_333.jpg,0.0,1.0,0.0,30.19029
218,center_2019_07_11_02_18_57_403.jpg,left_2019_07_11_02_18_57_403.jpg,right_2019_07_11_02_18_57_403.jpg,0.0,1.0,0.0,30.19053
219,center_2019_07_11_02_18_57_513.jpg,left_2019_07_11_02_18_57_513.jpg,right_2019_07_11_02_18_57_513.jpg,0.0,1.0,0.0,30.18996
220,center_2019_07_11_02_18_57_645.jpg,left_2019_07_11_02_18_57_645.jpg,right_2019_07_11_02_18_57_645.jpg,0.0,1.0,0.0,30.19033
221,center_2019_07_11_02_18_57_768.jpg,left_2019_07_11_02_18_57_768.jpg,right_2019_07_11_02_18_57_768.jpg,0.0,1.0,0.0,30.19033
222,center_2019_07_11_02_18_57_894.jpg,left_2019_07_11_02_18_57_894.jpg,right_2019_07_11_02_18_57_894.jpg,0.0,1.0,0.0,30.190279999999998
223,center_2019_07_11_02_18_58_025.jpg,left_2019_07_11_02_18_58_025.jpg,right_2019_07_11_02_18_58_025.jpg,-0.35,1.0,0.0,30.1635
224,center_2019_07_11_02_18_58_123.jpg,left_2019_07_11_02_18_58_123.jpg,right_2019_07_11_02_18_58_123.jpg,-0.6000001,1.0,0.0,30.13492
225,center_2019_07_11_02_18_58_194.jpg,left_2019_07_11_02_18_58_194.jpg,right_2019_07_11_02_18_58_194.jpg,0.0,1.0,0.0,30.18127
226,center_2019_07_11_02_18_58_327.jpg,left_2019_07_11_02_18_58_327.jpg,right_2019_07_11_02_18_58_327.jpg,0.0,1.0,0.0,30.18761
227,center_2019_07_11_02_18_58_450.jpg,left_2019_07_11_02_18_58_450.jpg,right_2019_07_11_02_18_58_450.jpg,0.3,1.0,0.0,30.1653
228,center_2019_07_11_02_18_58_581.jpg,left_2019_07_11_02_18_58_581.jpg,right_2019_07_11_02_18_58_581.jpg,0.6500001,1.0,0.0,30.125459999999997
229,center_2019_07_11_02_18_58_650.jpg,left_2019_07_11_02_18_58_650.jpg,right_2019_07_11_02_18_58_650.jpg,0.8000001,1.0,0.0,30.108940000000004
230,center_2019_07_11_02_18_58_723.jpg,left_2019_07_11_02_18_58_723.jpg,right_2019_07_11_02_18_58_723.jpg,1.0,1.0,0.0,30.09272
231,center_2019_07_11_02_18_58_791.jpg,left_2019_07_11_02_18_58_791.jpg,right_2019_07_11_02_18_58_791.jpg,0.0,1.0,0.0,30.167479999999998
232,center_2019_07_11_02_18_58_864.jpg,left_2019_07_11_02_18_58_864.jpg,right_2019_07_11_02_18_58_864.jpg,0.0,1.0,0.0,30.18345
233,center_2019_07_11_02_18_58_930.jpg,left_2019_07_11_02_18_58_930.jpg,right_2019_07_11_02_18_58_930.jpg,0.0,1.0,0.0,30.18872
234,center_2019_07_11_02_18_59_006.jpg,left_2019_07_11_02_18_59_006.jpg,right_2019_07_11_02_18_59_006.jpg,0.0,1.0,0.0,30.190520000000003
235,center_2019_07_11_02_18_59_077.jpg,left_2019_07_11_02_18_59_077.jpg,right_2019_07_11_02_18_59_077.jpg,-0.15,1.0,0.0,30.181409999999996
236,center_2019_07_11_02_18_59_222.jpg,left_2019_07_11_02_18_59_222.jpg,right_2019_07_11_02_18_59_222.jpg,-0.5500001,1.0,0.0,30.136979999999998
237,center_2019_07_11_02_18_59_303.jpg,left_2019_07_11_02_18_59_303.jpg,right_2019_07_11_02_18_59_303.jpg,0.0,1.0,0.0,30.186629999999997
238,center_2019_07_11_02_18_59_422.jpg,left_2019_07_11_02_18_59_422.jpg,right_2019_07_11_02_18_59_422.jpg,0.0,1.0,0.0,30.19009
239,center_2019_07_11_02_18_59_544.jpg,left_2019_07_11_02_18_59_544.jpg,right_2019_07_11_02_18_59_544.jpg,0.0,1.0,0.0,30.19055
240,center_2019_07_11_02_18_59_672.jpg,left_2019_07_11_02_18_59_672.jpg,right_2019_07_11_02_18_59_672.jpg,-0.15,1.0,0.0,30.18485
241,center_2019_07_11_02_18_59_797.jpg,left_2019_07_11_02_18_59_797.jpg,right_2019_07_11_02_18_59_797.jpg,0.0,1.0,0.0,30.189120000000003
242,center_2019_07_11_02_18_59_927.jpg,left_2019_07_11_02_18_59_927.jpg,right_2019_07_11_02_18_59_927.jpg,0.0,1.0,0.0,30.19033
243,center_2019_07_11_02_19_00_010.jpg,left_2019_07_11_02_19_00_010.jpg,right_2019_07_11_02_19_00_010.jpg,0.0,1.0,0.0,30.190340000000003
244,center_2019_07_11_02_19_00_100.jpg,left_2019_07_11_02_19_00_100.jpg,right_2019_07_11_02_19_00_100.jpg,0.0,1.0,0.0,30.19036
245,center_2019_07_11_02_19_00_172.jpg,left_2019_07_11_02_19_00_172.jpg,right_2019_07_11_02_19_00_172.jpg,0.2,1.0,0.0,30.17993
246,center_2019_07_11_02_19_00_240.jpg,left_2019_07_11_02_19_00_240.jpg,right_2019_07_11_02_19_00_240.jpg,0.4,1.0,0.0,30.157970000000002
247,center_2019_07_11_02_19_00_314.jpg,left_2019_07_11_02_19_00_314.jpg,right_2019_07_11_02_19_00_314.jpg,0.0,1.0,0.0,30.1874
248,center_2019_07_11_02_19_00_393.jpg,left_2019_07_11_02_19_00_393.jpg,right_2019_07_11_02_19_00_393.jpg,0.0,1.0,0.0,30.18999
249,center_2019_07_11_02_19_00_474.jpg,left_2019_07_11_02_19_00_474.jpg,right_2019_07_11_02_19_00_474.jpg,0.0,1.0,0.0,30.190579999999997
250,center_2019_07_11_02_19_00_541.jpg,left_2019_07_11_02_19_00_541.jpg,right_2019_07_11_02_19_00_541.jpg,0.0,1.0,0.0,30.190279999999998
251,center_2019_07_11_02_19_00_672.jpg,left_2019_07_11_02_19_00_672.jpg,right_2019_07_11_02_19_00_672.jpg,-0.15,1.0,0.0,30.1842
252,center_2019_07_11_02_19_00_740.jpg,left_2019_07_11_02_19_00_740.jpg,right_2019_07_11_02_19_00_740.jpg,-0.35,1.0,0.0,30.16276
253,center_2019_07_11_02_19_00_810.jpg,left_2019_07_11_02_19_00_810.jpg,right_2019_07_11_02_19_00_810.jpg,0.0,1.0,0.0,30.18804
254,center_2019_07_11_02_19_00_882.jpg,left_2019_07_11_02_19_00_882.jpg,right_2019_07_11_02_19_00_882.jpg,0.0,1.0,0.0,30.18996
255,center_2019_07_11_02_19_00_962.jpg,left_2019_07_11_02_19_00_962.jpg,right_2019_07_11_02_19_00_962.jpg,0.0,1.0,0.0,30.1902
256,center_2019_07_11_02_19_01_055.jpg,left_2019_07_11_02_19_01_055.jpg,right_2019_07_11_02_19_01_055.jpg,0.0,1.0,0.0,30.19027
257,center_2019_07_11_02_19_01_132.jpg,left_2019_07_11_02_19_01_132.jpg,right_2019_07_11_02_19_01_132.jpg,0.0,1.0,0.0,30.190309999999997
258,center_2019_07_11_02_19_01_253.jpg,left_2019_07_11_02_19_01_253.jpg,right_2019_07_11_02_19_01_253.jpg,0.15,1.0,0.0,30.184
259,center_2019_07_11_02_19_01_371.jpg,left_2019_07_11_02_19_01_371.jpg,right_2019_07_11_02_19_01_371.jpg,0.45,1.0,0.0,30.151359999999997
260,center_2019_07_11_02_19_01_502.jpg,left_2019_07_11_02_19_01_502.jpg,right_2019_07_11_02_19_01_502.jpg,0.0,1.0,0.0,30.1896
261,center_2019_07_11_02_19_01_619.jpg,left_2019_07_11_02_19_01_619.jpg,right_2019_07_11_02_19_01_619.jpg,-0.3,1.0,0.0,30.16558
262,center_2019_07_11_02_19_01_727.jpg,left_2019_07_11_02_19_01_727.jpg,right_2019_07_11_02_19_01_727.jpg,0.0,1.0,0.0,30.18726
263,center_2019_07_11_02_19_01_841.jpg,left_2019_07_11_02_19_01_841.jpg,right_2019_07_11_02_19_01_841.jpg,-0.15,1.0,0.0,30.18712
264,center_2019_07_11_02_19_01_911.jpg,left_2019_07_11_02_19_01_911.jpg,right_2019_07_11_02_19_01_911.jpg,-0.3,1.0,0.0,30.17284
265,center_2019_07_11_02_19_02_053.jpg,left_2019_07_11_02_19_02_053.jpg,right_2019_07_11_02_19_02_053.jpg,0.0,1.0,0.0,30.18828
266,center_2019_07_11_02_19_02_121.jpg,left_2019_07_11_02_19_02_121.jpg,right_2019_07_11_02_19_02_121.jpg,0.0,1.0,0.0,30.18983
267,center_2019_07_11_02_19_02_201.jpg,left_2019_07_11_02_19_02_201.jpg,right_2019_07_11_02_19_02_201.jpg,0.0,1.0,0.0,30.19022
268,center_2019_07_11_02_19_02_274.jpg,left_2019_07_11_02_19_02_274.jpg,right_2019_07_11_02_19_02_274.jpg,0.15,1.0,0.0,30.18262
269,center_2019_07_11_02_19_02_409.jpg,left_2019_07_11_02_19_02_409.jpg,right_2019_07_11_02_19_02_409.jpg,0.0,1.0,0.0,30.18795
270,center_2019_07_11_02_19_02_476.jpg,left_2019_07_11_02_19_02_476.jpg,right_2019_07_11_02_19_02_476.jpg,-0.15,1.0,0.0,30.17902
271,center_2019_07_11_02_19_02_544.jpg,left_2019_07_11_02_19_02_544.jpg,right_2019_07_11_02_19_02_544.jpg,-0.35,1.0,0.0,30.159029999999998
272,center_2019_07_11_02_19_02_619.jpg,left_2019_07_11_02_19_02_619.jpg,right_2019_07_11_02_19_02_619.jpg,-0.2,1.0,0.0,30.18668
273,center_2019_07_11_02_19_02_709.jpg,left_2019_07_11_02_19_02_709.jpg,right_2019_07_11_02_19_02_709.jpg,-0.45,1.0,0.0,30.160359999999997
274,center_2019_07_11_02_19_02_808.jpg,left_2019_07_11_02_19_02_808.jpg,right_2019_07_11_02_19_02_808.jpg,-0.7,1.0,0.0,30.127159999999996
275,center_2019_07_11_02_19_02_889.jpg,left_2019_07_11_02_19_02_889.jpg,right_2019_07_11_02_19_02_889.jpg,-0.5000001000000001,1.0,0.0,30.18426
276,center_2019_07_11_02_19_02_970.jpg,left_2019_07_11_02_19_02_970.jpg,right_2019_07_11_02_19_02_970.jpg,-0.7,1.0,0.0,30.15098
277,center_2019_07_11_02_19_03_045.jpg,left_2019_07_11_02_19_03_045.jpg,right_2019_07_11_02_19_03_045.jpg,-0.9000002,1.0,0.0,30.1153
278,center_2019_07_11_02_19_03_118.jpg,left_2019_07_11_02_19_03_118.jpg,right_2019_07_11_02_19_03_118.jpg,0.0,1.0,0.0,30.16892
279,center_2019_07_11_02_19_03_193.jpg,left_2019_07_11_02_19_03_193.jpg,right_2019_07_11_02_19_03_193.jpg,0.2,1.0,0.0,30.155690000000003
280,center_2019_07_11_02_19_03_261.jpg,left_2019_07_11_02_19_03_261.jpg,right_2019_07_11_02_19_03_261.jpg,7.450581e-09,1.0,0.0,30.18614
281,center_2019_07_11_02_19_03_365.jpg,left_2019_07_11_02_19_03_365.jpg,right_2019_07_11_02_19_03_365.jpg,0.1,1.0,0.0,30.1867
282,center_2019_07_11_02_19_03_450.jpg,left_2019_07_11_02_19_03_450.jpg,right_2019_07_11_02_19_03_450.jpg,0.3,1.0,0.0,30.16944
283,center_2019_07_11_02_19_03_543.jpg,left_2019_07_11_02_19_03_543.jpg,right_2019_07_11_02_19_03_543.jpg,0.5500001,1.0,0.0,30.134
284,center_2019_07_11_02_19_03_632.jpg,left_2019_07_11_02_19_03_632.jpg,right_2019_07_11_02_19_03_632.jpg,0.7500001999999999,1.0,0.0,30.11405
285,center_2019_07_11_02_19_03_739.jpg,left_2019_07_11_02_19_03_739.jpg,right_2019_07_11_02_19_03_739.jpg,1.0,1.0,0.0,30.01264
286,center_2019_07_11_02_19_03_847.jpg,left_2019_07_11_02_19_03_847.jpg,right_2019_07_11_02_19_03_847.jpg,0.0,1.0,0.0,30.17115
287,center_2019_07_11_02_19_03_958.jpg,left_2019_07_11_02_19_03_958.jpg,right_2019_07_11_02_19_03_958.jpg,0.0,1.0,0.0,30.18883
288,center_2019_07_11_02_19_04_070.jpg,left_2019_07_11_02_19_04_070.jpg,right_2019_07_11_02_19_04_070.jpg,0.0,1.0,0.0,30.18892
289,center_2019_07_11_02_19_04_200.jpg,left_2019_07_11_02_19_04_200.jpg,right_2019_07_11_02_19_04_200.jpg,0.0,1.0,0.0,30.18723
290,center_2019_07_11_02_19_04_318.jpg,left_2019_07_11_02_19_04_318.jpg,right_2019_07_11_02_19_04_318.jpg,0.0,1.0,0.0,30.1882
291,center_2019_07_11_02_19_04_407.jpg,left_2019_07_11_02_19_04_407.jpg,right_2019_07_11_02_19_04_407.jpg,0.0,1.0,0.0,30.190379999999998
292,center_2019_07_11_02_19_04_475.jpg,left_2019_07_11_02_19_04_475.jpg,right_2019_07_11_02_19_04_475.jpg,0.15,1.0,0.0,30.1861
293,center_2019_07_11_02_19_04_598.jpg,left_2019_07_11_02_19_04_598.jpg,right_2019_07_11_02_19_04_598.jpg,0.45,1.0,0.0,30.154740000000004
294,center_2019_07_11_02_19_04_718.jpg,left_2019_07_11_02_19_04_718.jpg,right_2019_07_11_02_19_04_718.jpg,0.0,1.0,0.0,30.18525
295,center_2019_07_11_02_19_04_843.jpg,left_2019_07_11_02_19_04_843.jpg,right_2019_07_11_02_19_04_843.jpg,0.0,1.0,0.0,30.19155
296,center_2019_07_11_02_19_04_910.jpg,left_2019_07_11_02_19_04_910.jpg,right_2019_07_11_02_19_04_910.jpg,0.0,1.0,0.0,30.19203
297,center_2019_07_11_02_19_04_979.jpg,left_2019_07_11_02_19_04_979.jpg,right_2019_07_11_02_19_04_979.jpg,0.0,1.0,0.0,30.192009999999996
298,center_2019_07_11_02_19_05_055.jpg,left_2019_07_11_02_19_05_055.jpg,right_2019_07_11_02_19_05_055.jpg,0.0,1.0,0.0,30.19039
299,center_2019_07_11_02_19_05_178.jpg,left_2019_07_11_02_19_05_178.jpg,right_2019_07_11_02_19_05_178.jpg,0.0,1.0,0.0,30.191190000000002
300,center_2019_07_11_02_19_05_255.jpg,left_2019_07_11_02_19_05_255.jpg,right_2019_07_11_02_19_05_255.jpg,0.0,1.0,0.0,30.191329999999997
301,center_2019_07_11_02_19_05_380.jpg,left_2019_07_11_02_19_05_380.jpg,right_2019_07_11_02_19_05_380.jpg,0.0,1.0,0.0,30.19039
302,center_2019_07_11_02_19_05_450.jpg,left_2019_07_11_02_19_05_450.jpg,right_2019_07_11_02_19_05_450.jpg,0.0,1.0,0.0,30.190640000000002
303,center_2019_07_11_02_19_05_518.jpg,left_2019_07_11_02_19_05_518.jpg,right_2019_07_11_02_19_05_518.jpg,-0.15,1.0,0.0,30.18595
304,center_2019_07_11_02_19_05_587.jpg,left_2019_07_11_02_19_05_587.jpg,right_2019_07_11_02_19_05_587.jpg,-0.35,1.0,0.0,30.16299
305,center_2019_07_11_02_19_05_719.jpg,left_2019_07_11_02_19_05_719.jpg,right_2019_07_11_02_19_05_719.jpg,0.0,1.0,0.0,30.18528
306,center_2019_07_11_02_19_05_848.jpg,left_2019_07_11_02_19_05_848.jpg,right_2019_07_11_02_19_05_848.jpg,0.0,1.0,0.0,30.19006
307,center_2019_07_11_02_19_05_919.jpg,left_2019_07_11_02_19_05_919.jpg,right_2019_07_11_02_19_05_919.jpg,0.0,1.0,0.0,30.19023
308,center_2019_07_11_02_19_05_988.jpg,left_2019_07_11_02_19_05_988.jpg,right_2019_07_11_02_19_05_988.jpg,0.0,1.0,0.0,30.19032
309,center_2019_07_11_02_19_06_057.jpg,left_2019_07_11_02_19_06_057.jpg,right_2019_07_11_02_19_06_057.jpg,0.0,1.0,0.0,30.1906
310,center_2019_07_11_02_19_06_191.jpg,left_2019_07_11_02_19_06_191.jpg,right_2019_07_11_02_19_06_191.jpg,-0.35,1.0,0.0,30.163529999999998
311,center_2019_07_11_02_19_06_264.jpg,left_2019_07_11_02_19_06_264.jpg,right_2019_07_11_02_19_06_264.jpg,-0.5500001,1.0,0.0,30.13986
312,center_2019_07_11_02_19_06_391.jpg,left_2019_07_11_02_19_06_391.jpg,right_2019_07_11_02_19_06_391.jpg,0.0,1.0,0.0,30.18805
313,center_2019_07_11_02_19_06_528.jpg,left_2019_07_11_02_19_06_528.jpg,right_2019_07_11_02_19_06_528.jpg,-0.35,1.0,0.0,30.16938
314,center_2019_07_11_02_19_06_652.jpg,left_2019_07_11_02_19_06_652.jpg,right_2019_07_11_02_19_06_652.jpg,-0.6500001,1.0,0.0,30.1309
315,center_2019_07_11_02_19_06_775.jpg,left_2019_07_11_02_19_06_775.jpg,right_2019_07_11_02_19_06_775.jpg,0.0,1.0,0.0,30.187790000000003
316,center_2019_07_11_02_19_06_897.jpg,left_2019_07_11_02_19_06_897.jpg,right_2019_07_11_02_19_06_897.jpg,0.0,1.0,0.0,30.190609999999996
317,center_2019_07_11_02_19_07_025.jpg,left_2019_07_11_02_19_07_025.jpg,right_2019_07_11_02_19_07_025.jpg,0.0,1.0,0.0,30.190379999999998
318,center_2019_07_11_02_19_07_145.jpg,left_2019_07_11_02_19_07_145.jpg,right_2019_07_11_02_19_07_145.jpg,0.0,1.0,0.0,30.19182
319,center_2019_07_11_02_19_07_267.jpg,left_2019_07_11_02_19_07_267.jpg,right_2019_07_11_02_19_07_267.jpg,0.0,1.0,0.0,30.190209999999997
320,center_2019_07_11_02_19_07_338.jpg,left_2019_07_11_02_19_07_338.jpg,right_2019_07_11_02_19_07_338.jpg,0.15,1.0,0.0,30.184240000000003
321,center_2019_07_11_02_19_07_442.jpg,left_2019_07_11_02_19_07_442.jpg,right_2019_07_11_02_19_07_442.jpg,0.45,1.0,0.0,30.1516
322,center_2019_07_11_02_19_07_564.jpg,left_2019_07_11_02_19_07_564.jpg,right_2019_07_11_02_19_07_564.jpg,0.0,1.0,0.0,30.18253
323,center_2019_07_11_02_19_07_680.jpg,left_2019_07_11_02_19_07_680.jpg,right_2019_07_11_02_19_07_680.jpg,0.0,1.0,0.0,30.18964
324,center_2019_07_11_02_19_07_798.jpg,left_2019_07_11_02_19_07_798.jpg,right_2019_07_11_02_19_07_798.jpg,0.25,1.0,0.0,30.17891
325,center_2019_07_11_02_19_07_921.jpg,left_2019_07_11_02_19_07_921.jpg,right_2019_07_11_02_19_07_921.jpg,0.0,1.0,0.0,30.190240000000003
326,center_2019_07_11_02_19_08_045.jpg,left_2019_07_11_02_19_08_045.jpg,right_2019_07_11_02_19_08_045.jpg,0.0,1.0,0.0,30.19122
327,center_2019_07_11_02_19_08_169.jpg,left_2019_07_11_02_19_08_169.jpg,right_2019_07_11_02_19_08_169.jpg,0.0,1.0,0.0,30.18996
328,center_2019_07_11_02_19_08_291.jpg,left_2019_07_11_02_19_08_291.jpg,right_2019_07_11_02_19_08_291.jpg,-0.15,1.0,0.0,30.18314
329,center_2019_07_11_02_19_08_376.jpg,left_2019_07_11_02_19_08_376.jpg,right_2019_07_11_02_19_08_376.jpg,-0.35,1.0,0.0,30.163390000000003
330,center_2019_07_11_02_19_08_490.jpg,left_2019_07_11_02_19_08_490.jpg,right_2019_07_11_02_19_08_490.jpg,0.0,1.0,0.0,30.18478
331,center_2019_07_11_02_19_08_622.jpg,left_2019_07_11_02_19_08_622.jpg,right_2019_07_11_02_19_08_622.jpg,-0.2,1.0,0.0,30.184790000000003
332,center_2019_07_11_02_19_08_747.jpg,left_2019_07_11_02_19_08_747.jpg,right_2019_07_11_02_19_08_747.jpg,0.0,1.0,0.0,30.1875
333,center_2019_07_11_02_19_08_873.jpg,left_2019_07_11_02_19_08_873.jpg,right_2019_07_11_02_19_08_873.jpg,0.0,1.0,0.0,30.19003
334,center_2019_07_11_02_19_08_996.jpg,left_2019_07_11_02_19_08_996.jpg,right_2019_07_11_02_19_08_996.jpg,0.0,1.0,0.0,30.189940000000004
335,center_2019_07_11_02_19_09_134.jpg,left_2019_07_11_02_19_09_134.jpg,right_2019_07_11_02_19_09_134.jpg,0.0,1.0,0.0,30.19025
336,center_2019_07_11_02_19_09_254.jpg,left_2019_07_11_02_19_09_254.jpg,right_2019_07_11_02_19_09_254.jpg,0.0,1.0,0.0,30.18998
337,center_2019_07_11_02_19_09_366.jpg,left_2019_07_11_02_19_09_366.jpg,right_2019_07_11_02_19_09_366.jpg,0.0,1.0,0.0,30.190309999999997
338,center_2019_07_11_02_19_09_510.jpg,left_2019_07_11_02_19_09_510.jpg,right_2019_07_11_02_19_09_510.jpg,-0.35,1.0,0.0,30.164479999999998
339,center_2019_07_11_02_19_09_620.jpg,left_2019_07_11_02_19_09_620.jpg,right_2019_07_11_02_19_09_620.jpg,0.0,1.0,0.0,30.1899
340,center_2019_07_11_02_19_09_750.jpg,left_2019_07_11_02_19_09_750.jpg,right_2019_07_11_02_19_09_750.jpg,-0.2,1.0,0.0,30.18238
341,center_2019_07_11_02_19_09_862.jpg,left_2019_07_11_02_19_09_862.jpg,right_2019_07_11_02_19_09_862.jpg,0.0,1.0,0.0,30.189859999999996
342,center_2019_07_11_02_19_09_980.jpg,left_2019_07_11_02_19_09_980.jpg,right_2019_07_11_02_19_09_980.jpg,0.0,1.0,0.0,30.190309999999997
343,center_2019_07_11_02_19_10_114.jpg,left_2019_07_11_02_19_10_114.jpg,right_2019_07_11_02_19_10_114.jpg,0.0,1.0,0.0,30.19033
344,center_2019_07_11_02_19_10_236.jpg,left_2019_07_11_02_19_10_236.jpg,right_2019_07_11_02_19_10_236.jpg,0.0,1.0,0.0,30.19036
345,center_2019_07_11_02_19_10_343.jpg,left_2019_07_11_02_19_10_343.jpg,right_2019_07_11_02_19_10_343.jpg,0.0,1.0,0.0,30.19033
346,center_2019_07_11_02_19_10_448.jpg,left_2019_07_11_02_19_10_448.jpg,right_2019_07_11_02_19_10_448.jpg,0.0,1.0,0.0,30.19036
347,center_2019_07_11_02_19_10_516.jpg,left_2019_07_11_02_19_10_516.jpg,right_2019_07_11_02_19_10_516.jpg,0.0,1.0,0.0,30.19033
348,center_2019_07_11_02_19_10_635.jpg,left_2019_07_11_02_19_10_635.jpg,right_2019_07_11_02_19_10_635.jpg,-0.15,1.0,0.0,30.184509999999996
349,center_2019_07_11_02_19_10_741.jpg,left_2019_07_11_02_19_10_741.jpg,right_2019_07_11_02_19_10_741.jpg,0.0,1.0,0.0,30.1885
350,center_2019_07_11_02_19_10_866.jpg,left_2019_07_11_02_19_10_866.jpg,right_2019_07_11_02_19_10_866.jpg,-0.2,1.0,0.0,30.18335
351,center_2019_07_11_02_19_10_973.jpg,left_2019_07_11_02_19_10_973.jpg,right_2019_07_11_02_19_10_973.jpg,-0.45,1.0,0.0,30.15421
352,center_2019_07_11_02_19_11_102.jpg,left_2019_07_11_02_19_11_102.jpg,right_2019_07_11_02_19_11_102.jpg,0.0,1.0,0.0,30.18975
353,center_2019_07_11_02_19_11_213.jpg,left_2019_07_11_02_19_11_213.jpg,right_2019_07_11_02_19_11_213.jpg,-0.25,1.0,0.0,30.17935
354,center_2019_07_11_02_19_11_327.jpg,left_2019_07_11_02_19_11_327.jpg,right_2019_07_11_02_19_11_327.jpg,0.0,1.0,0.0,30.19036
355,center_2019_07_11_02_19_11_423.jpg,left_2019_07_11_02_19_11_423.jpg,right_2019_07_11_02_19_11_423.jpg,-0.1,1.0,0.0,30.1891
356,center_2019_07_11_02_19_11_503.jpg,left_2019_07_11_02_19_11_503.jpg,right_2019_07_11_02_19_11_503.jpg,0.0,1.0,0.0,30.190590000000004
357,center_2019_07_11_02_19_11_606.jpg,left_2019_07_11_02_19_11_606.jpg,right_2019_07_11_02_19_11_606.jpg,0.0,1.0,0.0,30.19039
358,center_2019_07_11_02_19_11_713.jpg,left_2019_07_11_02_19_11_713.jpg,right_2019_07_11_02_19_11_713.jpg,0.0,1.0,0.0,30.1905
359,center_2019_07_11_02_19_11_809.jpg,left_2019_07_11_02_19_11_809.jpg,right_2019_07_11_02_19_11_809.jpg,0.0,1.0,0.0,30.189809999999998
360,center_2019_07_11_02_19_11_927.jpg,left_2019_07_11_02_19_11_927.jpg,right_2019_07_11_02_19_11_927.jpg,0.0,1.0,0.0,30.1903
361,center_2019_07_11_02_19_12_027.jpg,left_2019_07_11_02_19_12_027.jpg,right_2019_07_11_02_19_12_027.jpg,-0.15,1.0,0.0,30.18426
362,center_2019_07_11_02_19_12_148.jpg,left_2019_07_11_02_19_12_148.jpg,right_2019_07_11_02_19_12_148.jpg,0.0,1.0,0.0,30.19013
363,center_2019_07_11_02_19_12_257.jpg,left_2019_07_11_02_19_12_257.jpg,right_2019_07_11_02_19_12_257.jpg,-0.15,1.0,0.0,30.1858
364,center_2019_07_11_02_19_12_345.jpg,left_2019_07_11_02_19_12_345.jpg,right_2019_07_11_02_19_12_345.jpg,-0.4,1.0,0.0,30.159090000000003
365,center_2019_07_11_02_19_12_449.jpg,left_2019_07_11_02_19_12_449.jpg,right_2019_07_11_02_19_12_449.jpg,0.0,1.0,0.0,30.18918
366,center_2019_07_11_02_19_12_554.jpg,left_2019_07_11_02_19_12_554.jpg,right_2019_07_11_02_19_12_554.jpg,0.0,1.0,0.0,30.190109999999997
367,center_2019_07_11_02_19_12_657.jpg,left_2019_07_11_02_19_12_657.jpg,right_2019_07_11_02_19_12_657.jpg,0.0,1.0,0.0,30.19026
368,center_2019_07_11_02_19_12_757.jpg,left_2019_07_11_02_19_12_757.jpg,right_2019_07_11_02_19_12_757.jpg,-0.25,1.0,0.0,30.17565
369,center_2019_07_11_02_19_12_859.jpg,left_2019_07_11_02_19_12_859.jpg,right_2019_07_11_02_19_12_859.jpg,0.0,1.0,0.0,30.188990000000004
370,center_2019_07_11_02_19_12_965.jpg,left_2019_07_11_02_19_12_965.jpg,right_2019_07_11_02_19_12_965.jpg,0.0,1.0,0.0,30.18999
371,center_2019_07_11_02_19_13_078.jpg,left_2019_07_11_02_19_13_078.jpg,right_2019_07_11_02_19_13_078.jpg,0.0,1.0,0.0,30.19026
372,center_2019_07_11_02_19_13_178.jpg,left_2019_07_11_02_19_13_178.jpg,right_2019_07_11_02_19_13_178.jpg,-0.25,1.0,0.0,30.175929999999997
373,center_2019_07_11_02_19_13_264.jpg,left_2019_07_11_02_19_13_264.jpg,right_2019_07_11_02_19_13_264.jpg,0.0,1.0,0.0,30.18835
374,center_2019_07_11_02_19_13_365.jpg,left_2019_07_11_02_19_13_365.jpg,right_2019_07_11_02_19_13_365.jpg,0.0,1.0,0.0,30.19012
375,center_2019_07_11_02_19_13_465.jpg,left_2019_07_11_02_19_13_465.jpg,right_2019_07_11_02_19_13_465.jpg,0.0,1.0,0.0,30.19027
376,center_2019_07_11_02_19_13_562.jpg,left_2019_07_11_02_19_13_562.jpg,right_2019_07_11_02_19_13_562.jpg,0.0,1.0,0.0,30.1903
377,center_2019_07_11_02_19_13_662.jpg,left_2019_07_11_02_19_13_662.jpg,right_2019_07_11_02_19_13_662.jpg,0.0,1.0,0.0,30.1903
378,center_2019_07_11_02_19_13_760.jpg,left_2019_07_11_02_19_13_760.jpg,right_2019_07_11_02_19_13_760.jpg,0.0,1.0,0.0,30.19032
379,center_2019_07_11_02_19_13_857.jpg,left_2019_07_11_02_19_13_857.jpg,right_2019_07_11_02_19_13_857.jpg,0.0,1.0,0.0,30.190279999999998
380,center_2019_07_11_02_19_13_953.jpg,left_2019_07_11_02_19_13_953.jpg,right_2019_07_11_02_19_13_953.jpg,0.0,1.0,0.0,30.1903
381,center_2019_07_11_02_19_14_055.jpg,left_2019_07_11_02_19_14_055.jpg,right_2019_07_11_02_19_14_055.jpg,0.0,1.0,0.0,30.19032
382,center_2019_07_11_02_19_14_152.jpg,left_2019_07_11_02_19_14_152.jpg,right_2019_07_11_02_19_14_152.jpg,-0.25,1.0,0.0,30.17479
383,center_2019_07_11_02_19_14_250.jpg,left_2019_07_11_02_19_14_250.jpg,right_2019_07_11_02_19_14_250.jpg,0.0,1.0,0.0,30.18917
384,center_2019_07_11_02_19_14_348.jpg,left_2019_07_11_02_19_14_348.jpg,right_2019_07_11_02_19_14_348.jpg,-0.15,1.0,0.0,30.18814
385,center_2019_07_11_02_19_14_448.jpg,left_2019_07_11_02_19_14_448.jpg,right_2019_07_11_02_19_14_448.jpg,0.0,1.0,0.0,30.189190000000004
386,center_2019_07_11_02_19_14_542.jpg,left_2019_07_11_02_19_14_542.jpg,right_2019_07_11_02_19_14_542.jpg,0.0,1.0,0.0,30.19016
387,center_2019_07_11_02_19_14_636.jpg,left_2019_07_11_02_19_14_636.jpg,right_2019_07_11_02_19_14_636.jpg,-0.1,1.0,0.0,30.188609999999997
388,center_2019_07_11_02_19_14_732.jpg,left_2019_07_11_02_19_14_732.jpg,right_2019_07_11_02_19_14_732.jpg,0.0,1.0,0.0,30.19071
389,center_2019_07_11_02_19_14_825.jpg,left_2019_07_11_02_19_14_825.jpg,right_2019_07_11_02_19_14_825.jpg,0.0,1.0,0.0,30.190179999999998
390,center_2019_07_11_02_19_14_919.jpg,left_2019_07_11_02_19_14_919.jpg,right_2019_07_11_02_19_14_919.jpg,-0.25,1.0,0.0,30.176409999999997
391,center_2019_07_11_02_19_15_015.jpg,left_2019_07_11_02_19_15_015.jpg,right_2019_07_11_02_19_15_015.jpg,0.0,1.0,0.0,30.18967
392,center_2019_07_11_02_19_15_110.jpg,left_2019_07_11_02_19_15_110.jpg,right_2019_07_11_02_19_15_110.jpg,0.0,1.0,0.0,30.18999
393,center_2019_07_11_02_19_15_203.jpg,left_2019_07_11_02_19_15_203.jpg,right_2019_07_11_02_19_15_203.jpg,-0.25,1.0,0.0,30.177540000000004
394,center_2019_07_11_02_19_15_294.jpg,left_2019_07_11_02_19_15_294.jpg,right_2019_07_11_02_19_15_294.jpg,0.0,1.0,0.0,30.189359999999997
395,center_2019_07_11_02_19_15_391.jpg,left_2019_07_11_02_19_15_391.jpg,right_2019_07_11_02_19_15_391.jpg,0.0,1.0,0.0,30.18999
396,center_2019_07_11_02_19_15_485.jpg,left_2019_07_11_02_19_15_485.jpg,right_2019_07_11_02_19_15_485.jpg,0.0,1.0,0.0,30.190209999999997
397,center_2019_07_11_02_19_15_596.jpg,left_2019_07_11_02_19_15_596.jpg,right_2019_07_11_02_19_15_596.jpg,0.0,1.0,0.0,30.1903
398,center_2019_07_11_02_19_15_668.jpg,left_2019_07_11_02_19_15_668.jpg,right_2019_07_11_02_19_15_668.jpg,0.0,1.0,0.0,30.19027
399,center_2019_07_11_02_19_15_735.jpg,left_2019_07_11_02_19_15_735.jpg,right_2019_07_11_02_19_15_735.jpg,-0.15,1.0,0.0,30.184440000000002
400,center_2019_07_11_02_19_15_822.jpg,left_2019_07_11_02_19_15_822.jpg,right_2019_07_11_02_19_15_822.jpg,-0.4,1.0,0.0,30.157490000000003
401,center_2019_07_11_02_19_15_897.jpg,left_2019_07_11_02_19_15_897.jpg,right_2019_07_11_02_19_15_897.jpg,0.0,1.0,0.0,30.187459999999998
402,center_2019_07_11_02_19_15_994.jpg,left_2019_07_11_02_19_15_994.jpg,right_2019_07_11_02_19_15_994.jpg,-0.05,1.0,0.0,30.190140000000003
403,center_2019_07_11_02_19_16_078.jpg,left_2019_07_11_02_19_16_078.jpg,right_2019_07_11_02_19_16_078.jpg,-0.25,1.0,0.0,30.17802
404,center_2019_07_11_02_19_16_174.jpg,left_2019_07_11_02_19_16_174.jpg,right_2019_07_11_02_19_16_174.jpg,0.0,1.0,0.0,30.18998
405,center_2019_07_11_02_19_16_261.jpg,left_2019_07_11_02_19_16_261.jpg,right_2019_07_11_02_19_16_261.jpg,0.0,1.0,0.0,30.190279999999998
406,center_2019_07_11_02_19_16_350.jpg,left_2019_07_11_02_19_16_350.jpg,right_2019_07_11_02_19_16_350.jpg,-0.2,1.0,0.0,30.18106
407,center_2019_07_11_02_19_16_444.jpg,left_2019_07_11_02_19_16_444.jpg,right_2019_07_11_02_19_16_444.jpg,0.0,1.0,0.0,30.19009
408,center_2019_07_11_02_19_16_543.jpg,left_2019_07_11_02_19_16_543.jpg,right_2019_07_11_02_19_16_543.jpg,0.0,1.0,0.0,30.19025
409,center_2019_07_11_02_19_16_625.jpg,left_2019_07_11_02_19_16_625.jpg,right_2019_07_11_02_19_16_625.jpg,-0.2,1.0,0.0,30.18058
410,center_2019_07_11_02_19_16_714.jpg,left_2019_07_11_02_19_16_714.jpg,right_2019_07_11_02_19_16_714.jpg,0.0,1.0,0.0,30.190540000000002
411,center_2019_07_11_02_19_16_803.jpg,left_2019_07_11_02_19_16_803.jpg,right_2019_07_11_02_19_16_803.jpg,0.0,1.0,0.0,30.19006
412,center_2019_07_11_02_19_16_891.jpg,left_2019_07_11_02_19_16_891.jpg,right_2019_07_11_02_19_16_891.jpg,-0.2,1.0,0.0,30.1819
413,center_2019_07_11_02_19_16_980.jpg,left_2019_07_11_02_19_16_980.jpg,right_2019_07_11_02_19_16_980.jpg,-0.45,1.0,0.0,30.153029999999998
414,center_2019_07_11_02_19_17_071.jpg,left_2019_07_11_02_19_17_071.jpg,right_2019_07_11_02_19_17_071.jpg,0.0,1.0,0.0,30.183009999999996
415,center_2019_07_11_02_19_17_160.jpg,left_2019_07_11_02_19_17_160.jpg,right_2019_07_11_02_19_17_160.jpg,0.0,1.0,0.0,30.1893
416,center_2019_07_11_02_19_17_245.jpg,left_2019_07_11_02_19_17_245.jpg,right_2019_07_11_02_19_17_245.jpg,-0.2,1.0,0.0,30.184479999999997
417,center_2019_07_11_02_19_17_340.jpg,left_2019_07_11_02_19_17_340.jpg,right_2019_07_11_02_19_17_340.jpg,-0.45,1.0,0.0,30.155690000000003
418,center_2019_07_11_02_19_17_449.jpg,left_2019_07_11_02_19_17_449.jpg,right_2019_07_11_02_19_17_449.jpg,0.0,1.0,0.0,30.188440000000003
419,center_2019_07_11_02_19_17_526.jpg,left_2019_07_11_02_19_17_526.jpg,right_2019_07_11_02_19_17_526.jpg,-0.15,1.0,0.0,30.1881
420,center_2019_07_11_02_19_17_609.jpg,left_2019_07_11_02_19_17_609.jpg,right_2019_07_11_02_19_17_609.jpg,-0.35,1.0,0.0,30.16842
421,center_2019_07_11_02_19_17_705.jpg,left_2019_07_11_02_19_17_705.jpg,right_2019_07_11_02_19_17_705.jpg,0.0,1.0,0.0,30.18917
422,center_2019_07_11_02_19_17_806.jpg,left_2019_07_11_02_19_17_806.jpg,right_2019_07_11_02_19_17_806.jpg,-0.25,1.0,0.0,30.179159999999996
423,center_2019_07_11_02_19_17_903.jpg,left_2019_07_11_02_19_17_903.jpg,right_2019_07_11_02_19_17_903.jpg,-0.5000001000000001,1.0,0.0,30.14841
424,center_2019_07_11_02_19_17_983.jpg,left_2019_07_11_02_19_17_983.jpg,right_2019_07_11_02_19_17_983.jpg,0.0,1.0,0.0,30.184359999999998
425,center_2019_07_11_02_19_18_087.jpg,left_2019_07_11_02_19_18_087.jpg,right_2019_07_11_02_19_18_087.jpg,0.0,1.0,0.0,30.18983
426,center_2019_07_11_02_19_18_186.jpg,left_2019_07_11_02_19_18_186.jpg,right_2019_07_11_02_19_18_186.jpg,-0.25,1.0,0.0,30.179240000000004
427,center_2019_07_11_02_19_18_277.jpg,left_2019_07_11_02_19_18_277.jpg,right_2019_07_11_02_19_18_277.jpg,-0.45,1.0,0.0,30.155209999999997
428,center_2019_07_11_02_19_18_377.jpg,left_2019_07_11_02_19_18_377.jpg,right_2019_07_11_02_19_18_377.jpg,0.0,1.0,0.0,30.18883
429,center_2019_07_11_02_19_18_453.jpg,left_2019_07_11_02_19_18_453.jpg,right_2019_07_11_02_19_18_453.jpg,0.0,1.0,0.0,30.18992
430,center_2019_07_11_02_19_18_571.jpg,left_2019_07_11_02_19_18_571.jpg,right_2019_07_11_02_19_18_571.jpg,0.0,1.0,0.0,30.1903
431,center_2019_07_11_02_19_18_646.jpg,left_2019_07_11_02_19_18_646.jpg,right_2019_07_11_02_19_18_646.jpg,0.0,1.0,0.0,30.19032
432,center_2019_07_11_02_19_18_741.jpg,left_2019_07_11_02_19_18_741.jpg,right_2019_07_11_02_19_18_741.jpg,0.0,1.0,0.0,30.190309999999997
433,center_2019_07_11_02_19_18_837.jpg,left_2019_07_11_02_19_18_837.jpg,right_2019_07_11_02_19_18_837.jpg,0.0,1.0,0.0,30.190309999999997
434,center_2019_07_11_02_19_18_934.jpg,left_2019_07_11_02_19_18_934.jpg,right_2019_07_11_02_19_18_934.jpg,-0.25,1.0,0.0,30.17473
435,center_2019_07_11_02_19_19_028.jpg,left_2019_07_11_02_19_19_028.jpg,right_2019_07_11_02_19_19_028.jpg,-0.5000001000000001,1.0,0.0,30.14507
436,center_2019_07_11_02_19_19_125.jpg,left_2019_07_11_02_19_19_125.jpg,right_2019_07_11_02_19_19_125.jpg,0.0,1.0,0.0,30.188340000000004
437,center_2019_07_11_02_19_19_221.jpg,left_2019_07_11_02_19_19_221.jpg,right_2019_07_11_02_19_19_221.jpg,0.0,1.0,0.0,30.1904
438,center_2019_07_11_02_19_19_320.jpg,left_2019_07_11_02_19_19_320.jpg,right_2019_07_11_02_19_19_320.jpg,0.0,1.0,0.0,30.1903
439,center_2019_07_11_02_19_19_416.jpg,left_2019_07_11_02_19_19_416.jpg,right_2019_07_11_02_19_19_416.jpg,0.0,1.0,0.0,30.190340000000003
440,center_2019_07_11_02_19_19_517.jpg,left_2019_07_11_02_19_19_517.jpg,right_2019_07_11_02_19_19_517.jpg,0.0,1.0,0.0,30.1903
441,center_2019_07_11_02_19_19_617.jpg,left_2019_07_11_02_19_19_617.jpg,right_2019_07_11_02_19_19_617.jpg,0.0,1.0,0.0,30.19029
442,center_2019_07_11_02_19_19_714.jpg,left_2019_07_11_02_19_19_714.jpg,right_2019_07_11_02_19_19_714.jpg,0.0,1.0,0.0,30.19027
443,center_2019_07_11_02_19_19_817.jpg,left_2019_07_11_02_19_19_817.jpg,right_2019_07_11_02_19_19_817.jpg,0.0,1.0,0.0,30.19023
444,center_2019_07_11_02_19_19_912.jpg,left_2019_07_11_02_19_19_912.jpg,right_2019_07_11_02_19_19_912.jpg,0.0,1.0,0.0,30.190279999999998
445,center_2019_07_11_02_19_20_019.jpg,left_2019_07_11_02_19_20_019.jpg,right_2019_07_11_02_19_20_019.jpg,0.0,1.0,0.0,30.190309999999997
446,center_2019_07_11_02_19_20_110.jpg,left_2019_07_11_02_19_20_110.jpg,right_2019_07_11_02_19_20_110.jpg,0.0,1.0,0.0,30.19032
447,center_2019_07_11_02_19_20_177.jpg,left_2019_07_11_02_19_20_177.jpg,right_2019_07_11_02_19_20_177.jpg,0.0,1.0,0.0,30.1903
448,center_2019_07_11_02_19_20_266.jpg,left_2019_07_11_02_19_20_266.jpg,right_2019_07_11_02_19_20_266.jpg,0.0,1.0,0.0,30.190340000000003
449,center_2019_07_11_02_19_20_354.jpg,left_2019_07_11_02_19_20_354.jpg,right_2019_07_11_02_19_20_354.jpg,0.0,1.0,0.0,30.19029
450,center_2019_07_11_02_19_20_473.jpg,left_2019_07_11_02_19_20_473.jpg,right_2019_07_11_02_19_20_473.jpg,0.3,1.0,0.0,30.169240000000002
451,center_2019_07_11_02_19_20_553.jpg,left_2019_07_11_02_19_20_553.jpg,right_2019_07_11_02_19_20_553.jpg,0.0,1.0,0.0,30.18983
452,center_2019_07_11_02_19_20_660.jpg,left_2019_07_11_02_19_20_660.jpg,right_2019_07_11_02_19_20_660.jpg,0.0,1.0,0.0,30.19027
453,center_2019_07_11_02_19_20_771.jpg,left_2019_07_11_02_19_20_771.jpg,right_2019_07_11_02_19_20_771.jpg,0.25,1.0,0.0,30.17612
454,center_2019_07_11_02_19_20_872.jpg,left_2019_07_11_02_19_20_872.jpg,right_2019_07_11_02_19_20_872.jpg,0.0,1.0,0.0,30.190009999999997
455,center_2019_07_11_02_19_20_967.jpg,left_2019_07_11_02_19_20_967.jpg,right_2019_07_11_02_19_20_967.jpg,0.0,1.0,0.0,30.190279999999998
456,center_2019_07_11_02_19_21_052.jpg,left_2019_07_11_02_19_21_052.jpg,right_2019_07_11_02_19_21_052.jpg,0.0,1.0,0.0,30.19033
457,center_2019_07_11_02_19_21_151.jpg,left_2019_07_11_02_19_21_151.jpg,right_2019_07_11_02_19_21_151.jpg,0.0,1.0,0.0,30.19029
458,center_2019_07_11_02_19_21_247.jpg,left_2019_07_11_02_19_21_247.jpg,right_2019_07_11_02_19_21_247.jpg,0.0,1.0,0.0,30.19016
459,center_2019_07_11_02_19_21_346.jpg,left_2019_07_11_02_19_21_346.jpg,right_2019_07_11_02_19_21_346.jpg,0.0,1.0,0.0,30.19029
460,center_2019_07_11_02_19_21_444.jpg,left_2019_07_11_02_19_21_444.jpg,right_2019_07_11_02_19_21_444.jpg,0.0,1.0,0.0,30.18945
461,center_2019_07_11_02_19_21_544.jpg,left_2019_07_11_02_19_21_544.jpg,right_2019_07_11_02_19_21_544.jpg,-0.15,1.0,0.0,30.1838
462,center_2019_07_11_02_19_21_641.jpg,left_2019_07_11_02_19_21_641.jpg,right_2019_07_11_02_19_21_641.jpg,-0.4,1.0,0.0,30.155240000000003
463,center_2019_07_11_02_19_21_740.jpg,left_2019_07_11_02_19_21_740.jpg,right_2019_07_11_02_19_21_740.jpg,0.0,1.0,0.0,30.18447
464,center_2019_07_11_02_19_21_840.jpg,left_2019_07_11_02_19_21_840.jpg,right_2019_07_11_02_19_21_840.jpg,0.0,1.0,0.0,30.189259999999997
465,center_2019_07_11_02_19_21_937.jpg,left_2019_07_11_02_19_21_937.jpg,right_2019_07_11_02_19_21_937.jpg,-0.2,1.0,0.0,30.1835
466,center_2019_07_11_02_19_22_037.jpg,left_2019_07_11_02_19_22_037.jpg,right_2019_07_11_02_19_22_037.jpg,0.0,1.0,0.0,30.18975
467,center_2019_07_11_02_19_22_158.jpg,left_2019_07_11_02_19_22_158.jpg,right_2019_07_11_02_19_22_158.jpg,0.0,1.0,0.0,30.18975
468,center_2019_07_11_02_19_22_252.jpg,left_2019_07_11_02_19_22_252.jpg,right_2019_07_11_02_19_22_252.jpg,0.0,1.0,0.0,30.189740000000004
469,center_2019_07_11_02_19_22_345.jpg,left_2019_07_11_02_19_22_345.jpg,right_2019_07_11_02_19_22_345.jpg,0.0,1.0,0.0,30.19112
470,center_2019_07_11_02_19_22_458.jpg,left_2019_07_11_02_19_22_458.jpg,right_2019_07_11_02_19_22_458.jpg,-0.15,1.0,0.0,30.183809999999998
471,center_2019_07_11_02_19_22_526.jpg,left_2019_07_11_02_19_22_526.jpg,right_2019_07_11_02_19_22_526.jpg,-0.35,1.0,0.0,30.16398
472,center_2019_07_11_02_19_22_642.jpg,left_2019_07_11_02_19_22_642.jpg,right_2019_07_11_02_19_22_642.jpg,0.0,1.0,0.0,30.187309999999997
473,center_2019_07_11_02_19_22_722.jpg,left_2019_07_11_02_19_22_722.jpg,right_2019_07_11_02_19_22_722.jpg,0.0,1.0,0.0,30.18951
474,center_2019_07_11_02_19_22_809.jpg,left_2019_07_11_02_19_22_809.jpg,right_2019_07_11_02_19_22_809.jpg,-0.1,1.0,0.0,30.18931
475,center_2019_07_11_02_19_22_909.jpg,left_2019_07_11_02_19_22_909.jpg,right_2019_07_11_02_19_22_909.jpg,-0.35,1.0,0.0,30.168229999999998
476,center_2019_07_11_02_19_23_011.jpg,left_2019_07_11_02_19_23_011.jpg,right_2019_07_11_02_19_23_011.jpg,-0.6000001,1.0,0.0,30.13632
477,center_2019_07_11_02_19_23_116.jpg,left_2019_07_11_02_19_23_116.jpg,right_2019_07_11_02_19_23_116.jpg,-0.8500001,1.0,0.0,30.11125
478,center_2019_07_11_02_19_23_193.jpg,left_2019_07_11_02_19_23_193.jpg,right_2019_07_11_02_19_23_193.jpg,-1.0,1.0,0.0,30.096009999999996
479,center_2019_07_11_02_19_23_287.jpg,left_2019_07_11_02_19_23_287.jpg,right_2019_07_11_02_19_23_287.jpg,-1.0,1.0,0.0,30.126540000000002
480,center_2019_07_11_02_19_23_383.jpg,left_2019_07_11_02_19_23_383.jpg,right_2019_07_11_02_19_23_383.jpg,-1.0,1.0,0.0,30.143009999999997
481,center_2019_07_11_02_19_23_479.jpg,left_2019_07_11_02_19_23_479.jpg,right_2019_07_11_02_19_23_479.jpg,0.0,1.0,0.0,30.15308
482,center_2019_07_11_02_19_23_580.jpg,left_2019_07_11_02_19_23_580.jpg,right_2019_07_11_02_19_23_580.jpg,0.15,1.0,0.0,30.16868
483,center_2019_07_11_02_19_23_678.jpg,left_2019_07_11_02_19_23_678.jpg,right_2019_07_11_02_19_23_678.jpg,0.35,1.0,0.0,30.143279999999997
549,center_2019_07_11_02_20_55_421.jpg,left_2019_07_11_02_20_55_421.jpg,right_2019_07_11_02_20_55_421.jpg,0.0,0.0,0.0,0.0005035989
